Country,model,n_predictions,years,mae,rmse,worst_case,mean_error,std_error
USA,Ridge,23,"1991, 1992, 1993, 1994, 1995, 1996, 1997, 1998, 1999, 2000, 2001, 2002, 2003, 2004, 2005, 2006, 2007, 2008, 2009, 2012, 2013, 2014, 2015",262.4701477803846,573.7921302882405,1956.019948876571,250.24663432188336,516.3468125119849
THA,Ridge,9,"1991, 1992, 1993, 1994, 1995, 1996, 1997, 1998, 1999",4.283337961847099,6.449641110329943,16.918918579615955,4.283337961847099,4.821917290524339
DEU,Ridge,26,"1991, 1992, 1993, 1994, 1995, 1996, 1997, 1998, 1999, 2000, 2001, 2002, 2003, 2004, 2005, 2006, 2007, 2008, 2009, 2012, 2013, 2014, 2015, 2016, 2017, 2018",4.155554993741131,4.97071092781155,10.714780451697166,-2.2919995698313134,4.410748813949649
SWE,Ridge,9,"1991, 1992, 1993, 1994, 1995, 1996, 1997, 1998, 1999",3.5121489616552033,4.406366766117248,10.347986804012404,3.5121489616552033,2.660991873096731
NLD,Ridge,26,"1991, 1992, 1993, 1994, 1995, 1996, 1997, 1998, 1999, 2000, 2001, 2002, 2003, 2004, 2005, 2006, 2007, 2008, 2009, 2012, 2013, 2014, 2015, 2016, 2017, 2018",3.520225280450217,4.511364589772982,9.64854061565648,3.30123635126973,3.074776254447283
SVK,Ridge,9,"1991, 1992, 1993, 1994, 1995, 1996, 1997, 1998, 1999",2.706580230197967,3.5173516917221397,8.37360001263823,-0.3622183200439096,3.4986512846931697
LTU,Ridge,9,"1991, 1992, 1993, 1994, 1995, 1996, 1997, 1998, 1999",5.274373390932257,5.448781444268201,8.165840275935915,-3.9019483599898765,3.803158979502931
DNK,Ridge,9,"1991, 1992, 1993, 1994, 1995, 1996, 1997, 1998, 1999",6.09870918277353,6.213177702046975,7.554608778985674,6.09870918277353,1.1871493002851612
UKR,Ridge,26,"1991, 1992, 1993, 1994, 1995, 1996, 1997, 1998, 1999, 2000, 2001, 2002, 2003, 2004, 2005, 2006, 2007, 2008, 2009, 2012, 2013, 2014, 2015, 2016, 2017, 2018",4.066846395831667,4.253825782959572,6.496447675611148,4.066846395831667,1.247314789651189
CHE,Ridge,9,"1991, 1992, 1993, 1994, 1995, 1996, 1997, 1998, 1999",1.7413147796071016,2.439242126698901,5.909045522195861,1.582525536735207,1.856209869126743
KOR,Ridge,9,"1991, 1992, 1993, 1994, 1995, 1996, 1997, 1998, 1999",2.890795102476267,3.615923955488713,5.880877589131966,-2.890795102476267,2.172144039279248
BEL,Ridge,9,"1991, 1992, 1993, 1994, 1995, 1996, 1997, 1998, 1999",1.6820699942229864,2.3809551846587875,5.505952268100231,-1.4044299352388727,1.9226346892632764
ROU,Ridge,26,"1991, 1992, 1993, 1994, 1995, 1996, 1997, 1998, 1999, 2000, 2001, 2002, 2003, 2004, 2005, 2006, 2007, 2008, 2009, 2012, 2013, 2014, 2015, 2016, 2017, 2018",2.451613978862193,2.923881055770788,5.198672131919463,-1.7843750195411983,2.316265575864013
EGY,Ridge,9,"1991, 1992, 1993, 1994, 1995, 1996, 1997, 1998, 1999",3.682680688282223,3.7808409531266567,4.921353861211422,3.682680688282223,0.8559329769280198
RUS,Ridge,26,"1991, 1992, 1993, 1994, 1995, 1996, 1997, 1998, 1999, 2000, 2001, 2002, 2003, 2004, 2005, 2006, 2007, 2008, 2009, 2012, 2013, 2014, 2015, 2016, 2017, 2018",1.722660006159545,2.3030733412093856,4.844384801528673,-1.1500648709565002,1.9953690404487014
GBR,Ridge,26,"1991, 1992, 1993, 1994, 1995, 1996, 1997, 1998, 1999, 2000, 2001, 2002, 2003, 2004, 2005, 2006, 2007, 2008, 2009, 2012, 2013, 2014, 2015, 2016, 2017, 2018",1.8239284736377668,2.197709372824151,4.50766351797926,-0.22575526380328814,2.186083495263671
IND,Ridge,26,"1991, 1992, 1993, 1994, 1995, 1996, 1997, 1998, 1999, 2000, 2001, 2002, 2003, 2004, 2005, 2006, 2007, 2008, 2009, 2012, 2013, 2014, 2015, 2016, 2017, 2018",0.9477204644001044,1.379813163721962,4.199132243436832,-0.13446713412410805,1.373245410194718
SVN,Ridge,9,"1991, 1992, 1993, 1994, 1995, 1996, 1997, 1998, 1999",2.0728530602211155,2.3515605721231703,3.7140529559338766,1.9658088269350271,1.290516478123617
IDN,Ridge,9,"1991, 1992, 1993, 1994, 1995, 1996, 1997, 1998, 1999",1.4589519127384127,1.750912025380054,3.700264485258737,0.9986477843448065,1.438191754754453
FIN,Ridge,9,"1991, 1992, 1993, 1994, 1995, 1996, 1997, 1998, 1999",1.2429099318840668,1.6512978361014972,3.598864447181977,-0.9554035638217839,1.3468439307321844
MYS,Ridge,9,"1991, 1992, 1993, 1994, 1995, 1996, 1997, 1998, 1999",1.9296500966892407,2.2266174227601283,3.459416657235299,1.7151423826653205,1.4198985014866676
BGR,Ridge,9,"1991, 1992, 1993, 1994, 1995, 1996, 1997, 1998, 1999",1.8676559868842335,2.148050269924698,3.399244893908877,-0.649125434449133,2.047622067783699
ESP,Ridge,9,"1991, 1992, 1993, 1994, 1995, 1996, 1997, 1998, 1999",1.1420176317504391,1.438199602401519,3.3369665515493807,0.9489234325376332,1.0807230984525513
HUN,Ridge,9,"1991, 1992, 1993, 1994, 1995, 1996, 1997, 1998, 1999",2.034685883873394,2.170090663652377,3.187040793448255,-2.034685883873394,0.7545507553753827
CHN,Ridge,26,"1991, 1992, 1993, 1994, 1995, 1996, 1997, 1998, 1999, 2000, 2001, 2002, 2003, 2004, 2005, 2006, 2007, 2008, 2009, 2012, 2013, 2014, 2015, 2016, 2017, 2018",1.0734316191707318,1.3627710569091298,3.1575417221948068,-0.27217514987679464,1.3353148098252978
POL,Ridge,9,"1991, 1992, 1993, 1994, 1995, 1996, 1997, 1998, 1999",2.2786674055826026,2.3378185662794806,2.9829325206522244,-2.2786674055826026,0.5225614830586912
ITA,Ridge,9,"1991, 1992, 1993, 1994, 1995, 1996, 1997, 1998, 1999",2.1060752319382527,2.174005935844213,2.9684033155091862,-2.1060752319382527,0.5392113931493921
ZAF,Ridge,9,"1991, 1992, 1993, 1994, 1995, 1996, 1997, 1998, 1999",1.7314592555719561,1.8420044866494156,2.378585859127348,1.5333201075039544,1.0207399163159239
JPN,Ridge,9,"1991, 1992, 1993, 1994, 1995, 1996, 1997, 1998, 1999",1.1261444711393436,1.3123685924079753,2.328878723113044,-0.13194348204290662,1.305719050900799
IRN,Ridge,9,"1991, 1992, 1993, 1994, 1995, 1996, 1997, 1998, 1999",1.5568403800469826,1.6455385291751976,2.281288895964088,-1.5568403800469826,0.5329587995851461
PAK,Ridge,19,"1991, 1992, 1993, 1994, 1995, 1996, 1997, 1998, 1999, 2000, 2001, 2002, 2003, 2004, 2005, 2006, 2007, 2008, 2009",1.5368828485796768,1.5747131963825862,1.9877046642582392,1.5368828485796768,0.3430929328958558
VNM,Ridge,9,"1991, 1992, 1993, 1994, 1995, 1996, 1997, 1998, 1999",0.6372791223080684,0.7460280496041907,1.175205189750653,0.46271096616707713,0.5851977551092987
BGD,Ridge,9,"1991, 1992, 1993, 1994, 1995, 1996, 1997, 1998, 1999",0.5189446320782396,0.5854686050169955,1.0901063981379615,-0.014328866087689431,0.5852932351028737
AUS,Ridge,9,"1991, 1992, 1993, 1994, 1995, 1996, 1997, 1998, 1999",0.3765720317865304,0.4056149475029519,0.6343709276788401,-0.16439857673376526,0.37080533114524494
USA,XGBoost,23,"1991, 1992, 1993, 1994, 1995, 1996, 1997, 1998, 1999, 2000, 2001, 2002, 2003, 2004, 2005, 2006, 2007, 2008, 2009, 2012, 2013, 2014, 2015",3.9647957411796835,5.040543671437111,12.138294314785073,-3.230786377452412,3.86899210220603
DNK,XGBoost,9,"1991, 1992, 1993, 1994, 1995, 1996, 1997, 1998, 1999",4.771828206044619,5.832298112495936,11.191953047885931,4.361328224900698,3.872275479315512
DEU,XGBoost,26,"1991, 1992, 1993, 1994, 1995, 1996, 1997, 1998, 1999, 2000, 2001, 2002, 2003, 2004, 2005, 2006, 2007, 2008, 2009, 2012, 2013, 2014, 2015, 2016, 2017, 2018",3.6320994363701753,4.421050748453986,8.86262301225139,-2.1757037137789528,3.848636520932319
NLD,XGBoost,26,"1991, 1992, 1993, 1994, 1995, 1996, 1997, 1998, 1999, 2000, 2001, 2002, 2003, 2004, 2005, 2006, 2007, 2008, 2009, 2012, 2013, 2014, 2015, 2016, 2017, 2018",3.9220420911147165,4.663954145425789,8.727751452830972,3.366737525295008,3.2276224541301066
UKR,XGBoost,26,"1991, 1992, 1993, 1994, 1995, 1996, 1997, 1998, 1999, 2000, 2001, 2002, 2003, 2004, 2005, 2006, 2007, 2008, 2009, 2012, 2013, 2014, 2015, 2016, 2017, 2018",3.891481356233853,4.555996908253586,8.614112620435407,3.8897523055823777,2.372116107873475
GBR,XGBoost,26,"1991, 1992, 1993, 1994, 1995, 1996, 1997, 1998, 1999, 2000, 2001, 2002, 2003, 2004, 2005, 2006, 2007, 2008, 2009, 2012, 2013, 2014, 2015, 2016, 2017, 2018",3.0922284384642946,3.647482169578018,7.869332709873504,0.5933872597528919,3.59889118164922
RUS,XGBoost,26,"1991, 1992, 1993, 1994, 1995, 1996, 1997, 1998, 1999, 2000, 2001, 2002, 2003, 2004, 2005, 2006, 2007, 2008, 2009, 2012, 2013, 2014, 2015, 2016, 2017, 2018",2.186992051230158,2.8811097843818647,7.741885526487124,-0.27359102885094333,2.8680902249743117
KOR,XGBoost,9,"1991, 1992, 1993, 1994, 1995, 1996, 1997, 1998, 1999",3.663427902121048,4.5025671413955,7.401477462549792,-3.5703449693824845,2.7433096183952026
CHN,XGBoost,26,"1991, 1992, 1993, 1994, 1995, 1996, 1997, 1998, 1999, 2000, 2001, 2002, 2003, 2004, 2005, 2006, 2007, 2008, 2009, 2012, 2013, 2014, 2015, 2016, 2017, 2018",2.071315011783836,2.7084925697942097,7.358194533684809,-1.0788088147977248,2.484371860600818
ZAF,XGBoost,9,"1991, 1992, 1993, 1994, 1995, 1996, 1997, 1998, 1999",1.2522135179249478,1.9260015245504003,5.186193442372627,1.1581596366505538,1.5388788544274439
ITA,XGBoost,9,"1991, 1992, 1993, 1994, 1995, 1996, 1997, 1998, 1999",2.3403930262262076,2.707492763477059,4.856539030737736,-2.3403930262262076,1.3612779095659988
IND,XGBoost,26,"1991, 1992, 1993, 1994, 1995, 1996, 1997, 1998, 1999, 2000, 2001, 2002, 2003, 2004, 2005, 2006, 2007, 2008, 2009, 2012, 2013, 2014, 2015, 2016, 2017, 2018",1.2643967656638346,1.6362424353929856,4.839167283467361,-0.6151469290371293,1.5162069657790647
ROU,XGBoost,26,"1991, 1992, 1993, 1994, 1995, 1996, 1997, 1998, 1999, 2000, 2001, 2002, 2003, 2004, 2005, 2006, 2007, 2008, 2009, 2012, 2013, 2014, 2015, 2016, 2017, 2018",1.6679677622160982,2.135346443052117,4.584132770904432,-0.8031783503979733,1.978537078072412
ESP,XGBoost,9,"1991, 1992, 1993, 1994, 1995, 1996, 1997, 1998, 1999",2.1291250828033097,2.5082592229506195,4.046502023416053,-0.7106261367387989,2.4054884791452515
SVK,XGBoost,9,"1991, 1992, 1993, 1994, 1995, 1996, 1997, 1998, 1999",1.5116260484183783,1.7917516727736278,3.749885184526661,-0.05647839546728988,1.7908613144887946
PAK,XGBoost,19,"1991, 1992, 1993, 1994, 1995, 1996, 1997, 1998, 1999, 2000, 2001, 2002, 2003, 2004, 2005, 2006, 2007, 2008, 2009",1.7749115197753882,1.9875638882264846,3.583396587861671,1.0772787016604775,1.6702936294947357
MYS,XGBoost,9,"1991, 1992, 1993, 1994, 1995, 1996, 1997, 1998, 1999",2.3134915358665515,2.4755950952914803,3.5525210234527838,1.795882367653631,1.7039300447442152
EGY,XGBoost,9,"1991, 1992, 1993, 1994, 1995, 1996, 1997, 1998, 1999",1.7504050198114338,1.9418065495334227,3.4038242367030307,1.5328143733965272,1.1920959577651076
HUN,XGBoost,9,"1991, 1992, 1993, 1994, 1995, 1996, 1997, 1998, 1999",2.016232796734654,2.232705202042551,3.334563576644712,-2.016232796734654,0.9590504828211198
POL,XGBoost,9,"1991, 1992, 1993, 1994, 1995, 1996, 1997, 1998, 1999",1.6617626250533766,1.8244586909714002,3.2292089174684406,-1.6617626250533766,0.7531231592752845
BEL,XGBoost,9,"1991, 1992, 1993, 1994, 1995, 1996, 1997, 1998, 1999",1.3481619341634175,1.758714956010904,3.13666987025249,-0.7230977367039044,1.6031868137151477
JPN,XGBoost,9,"1991, 1992, 1993, 1994, 1995, 1996, 1997, 1998, 1999",2.1633516653790377,2.298908039560161,3.0565904790961724,-1.077717563795564,2.030641038450887
LTU,XGBoost,9,"1991, 1992, 1993, 1994, 1995, 1996, 1997, 1998, 1999",1.3160294646666368,1.5426556079828628,2.664515340786579,0.8274999710303569,1.301933225163923
CHE,XGBoost,9,"1991, 1992, 1993, 1994, 1995, 1996, 1997, 1998, 1999",1.1154810695272392,1.4436551445705506,2.578519708703368,0.7041779241845663,1.2602672841648048
BGR,XGBoost,9,"1991, 1992, 1993, 1994, 1995, 1996, 1997, 1998, 1999",1.1458857536511953,1.4145751349731617,2.509697785868269,-0.2920918838827775,1.3840900056911576
FIN,XGBoost,9,"1991, 1992, 1993, 1994, 1995, 1996, 1997, 1998, 1999",1.0726552137524423,1.3169941230660944,2.3235321140310248,-0.15691420928459998,1.3076128827429085
BGD,XGBoost,9,"1991, 1992, 1993, 1994, 1995, 1996, 1997, 1998, 1999",1.273371608937416,1.4806239716623109,2.2925788063739816,1.2284104561945257,0.8265924609945536
SWE,XGBoost,9,"1991, 1992, 1993, 1994, 1995, 1996, 1997, 1998, 1999",0.9387021904280901,1.0742433444643278,2.094733852772066,0.21589058838200495,1.0523260031824626
SVN,XGBoost,9,"1991, 1992, 1993, 1994, 1995, 1996, 1997, 1998, 1999",0.8012600434029227,0.9520609313023822,1.780370416490939,0.2990867747067764,0.9038623336038831
AUS,XGBoost,9,"1991, 1992, 1993, 1994, 1995, 1996, 1997, 1998, 1999",0.994366976913224,1.0920626586082887,1.74595714715511,-0.994366976913224,0.4514810799480523
IRN,XGBoost,9,"1991, 1992, 1993, 1994, 1995, 1996, 1997, 1998, 1999",0.5873815768775946,0.739294235755862,1.6961226014102806,0.29259043538800866,0.6789306327904933
THA,XGBoost,9,"1991, 1992, 1993, 1994, 1995, 1996, 1997, 1998, 1999",0.59737689148551,0.7283817926061399,1.5002759096858398,-0.07609821629592754,0.7243956772901893
VNM,XGBoost,9,"1991, 1992, 1993, 1994, 1995, 1996, 1997, 1998, 1999",0.5513631929738744,0.7063135458120107,1.367120158607662,-0.24755871328328283,0.6615085097525658
IDN,XGBoost,9,"1991, 1992, 1993, 1994, 1995, 1996, 1997, 1998, 1999",0.4428729141013371,0.5504738193556277,0.9454834121597884,-0.050700750540781,0.548133979689796
